{
	"textures":[
		{
			"name":"atlas0",
			"images":[
				{ "n":"title", "x":0, "y":0, "w":800, "h":1000 },
				{ "n":"floor", "x":0, "y":1008, "w":800, "h":800 },
				{ "n":"BG_ui11", "x":0, "y":1816, "w":800, "h":120 },
				{ "n":"BG_ui10", "x":808, "y":0, "w":800, "h":120 },
				{ "n":"BG_ui09", "x":808, "y":128, "w":800, "h":120 },
				{ "n":"BG_ui08", "x":808, "y":256, "w":800, "h":120 },
				{ "n":"BG_ui07", "x":808, "y":384, "w":800, "h":120 },
				{ "n":"BG_ui06", "x":808, "y":512, "w":800, "h":120 },
				{ "n":"BG_ui05", "x":808, "y":640, "w":800, "h":120 },
				{ "n":"BG_ui04", "x":808, "y":768, "w":800, "h":120 },
				{ "n":"BG_ui03", "x":808, "y":896, "w":800, "h":120 },
				{ "n":"BG_ui02", "x":808, "y":1024, "w":800, "h":120 },
				{ "n":"BG_ui01", "x":808, "y":1152, "w":800, "h":120 },
				{ "n":"BG_ui00", "x":808, "y":1280, "w":800, "h":120 },
				{ "n":"ico", "x":1616, "y":0, "w":256, "h":256 },
				{ "n":"enemyB_stand00", "x":1880, "y":0, "w":100, "h":150 },
				{ "n":"enemyB_shoot01", "x":1880, "y":158, "w":100, "h":150 },
				{ "n":"enemyB_shoot00", "x":1616, "y":264, "w":100, "h":150 },
				{ "n":"enemyB_ready30", "x":1880, "y":0, "w":100, "h":150 },
				{ "n":"enemyB_ready29", "x":1880, "y":0, "w":100, "h":150 },
				{ "n":"enemyB_ready28", "x":1880, "y":0, "w":100, "h":150 },
				{ "n":"enemyB_ready27", "x":1880, "y":0, "w":100, "h":150 },
				{ "n":"enemyB_ready26", "x":1724, "y":264, "w":100, "h":150 },
				{ "n":"enemyB_ready25", "x":1832, "y":316, "w":100, "h":150 },
				{ "n":"enemyB_ready24", "x":1940, "y":316, "w":100, "h":150 },
				{ "n":"enemyB_ready23", "x":1616, "y":422, "w":100, "h":150 },
				{ "n":"enemyB_ready22", "x":1724, "y":422, "w":100, "h":150 },
				{ "n":"enemyB_ready21", "x":1832, "y":474, "w":100, "h":150 },
				{ "n":"enemyB_ready20", "x":1940, "y":474, "w":100, "h":150 },
				{ "n":"enemyB_ready19", "x":1616, "y":580, "w":100, "h":150 },
				{ "n":"enemyB_ready18", "x":1724, "y":580, "w":100, "h":150 },
				{ "n":"enemyB_ready17", "x":1724, "y":580, "w":100, "h":150 },
				{ "n":"enemyB_ready16", "x":1724, "y":580, "w":100, "h":150 },
				{ "n":"enemyB_ready15", "x":1724, "y":580, "w":100, "h":150 },
				{ "n":"enemyB_ready14", "x":1724, "y":580, "w":100, "h":150 },
				{ "n":"enemyB_ready13", "x":1724, "y":580, "w":100, "h":150 },
				{ "n":"enemyB_ready12", "x":1724, "y":580, "w":100, "h":150 },
				{ "n":"enemyB_ready11", "x":1724, "y":580, "w":100, "h":150 },
				{ "n":"enemyB_ready10", "x":1724, "y":580, "w":100, "h":150 },
				{ "n":"enemyB_ready09", "x":1724, "y":580, "w":100, "h":150 },
				{ "n":"enemyB_ready08", "x":1724, "y":580, "w":100, "h":150 },
				{ "n":"enemyB_ready07", "x":1724, "y":580, "w":100, "h":150 },
				{ "n":"enemyB_ready06", "x":1724, "y":580, "w":100, "h":150 },
				{ "n":"enemyB_ready05", "x":1724, "y":580, "w":100, "h":150 },
				{ "n":"enemyB_ready04", "x":1724, "y":580, "w":100, "h":150 },
				{ "n":"enemyB_ready03", "x":1724, "y":580, "w":100, "h":150 },
				{ "n":"enemyB_ready02", "x":1724, "y":580, "w":100, "h":150 },
				{ "n":"enemyB_ready01", "x":1724, "y":580, "w":100, "h":150 },
				{ "n":"enemyB_ready00", "x":1724, "y":580, "w":100, "h":150 },
				{ "n":"enemyB_over00", "x":1832, "y":632, "w":100, "h":150 },
				{ "n":"enemyB_init00", "x":1832, "y":632, "w":100, "h":150 },
				{ "n":"enemyB_die31", "x":1832, "y":632, "w":100, "h":150 },
				{ "n":"enemyB_die30", "x":1940, "y":632, "w":100, "h":150 },
				{ "n":"enemyB_die29", "x":1940, "y":632, "w":100, "h":150 },
				{ "n":"enemyB_die28", "x":1616, "y":738, "w":100, "h":150 },
				{ "n":"enemyB_die27", "x":1616, "y":738, "w":100, "h":150 },
				{ "n":"enemyB_die26", "x":1724, "y":738, "w":100, "h":150 },
				{ "n":"enemyB_die25", "x":1724, "y":738, "w":100, "h":150 },
				{ "n":"enemyB_die24", "x":1832, "y":790, "w":100, "h":150 },
				{ "n":"enemyB_die23", "x":1832, "y":790, "w":100, "h":150 },
				{ "n":"enemyB_die22", "x":1940, "y":790, "w":100, "h":150 },
				{ "n":"enemyB_die21", "x":1940, "y":790, "w":100, "h":150 },
				{ "n":"enemyB_die20", "x":1616, "y":896, "w":100, "h":150 },
				{ "n":"enemyB_die19", "x":1616, "y":896, "w":100, "h":150 },
				{ "n":"enemyB_die18", "x":1616, "y":896, "w":100, "h":150 },
				{ "n":"enemyB_die17", "x":1616, "y":896, "w":100, "h":150 },
				{ "n":"enemyB_die16", "x":1616, "y":896, "w":100, "h":150 },
				{ "n":"enemyB_die15", "x":1616, "y":896, "w":100, "h":150 },
				{ "n":"enemyB_die14", "x":1724, "y":896, "w":100, "h":150 },
				{ "n":"enemyB_die13", "x":1616, "y":896, "w":100, "h":150 },
				{ "n":"enemyB_die12", "x":1724, "y":896, "w":100, "h":150 },
				{ "n":"enemyB_die11", "x":1832, "y":948, "w":100, "h":150 },
				{ "n":"enemyB_die10", "x":1832, "y":948, "w":100, "h":150 },
				{ "n":"enemyB_die09", "x":1940, "y":948, "w":100, "h":150 },
				{ "n":"enemyB_die08", "x":1616, "y":1054, "w":100, "h":150 },
				{ "n":"enemyB_die07", "x":1724, "y":1054, "w":100, "h":150 },
				{ "n":"enemyB_die06", "x":1832, "y":1106, "w":100, "h":150 },
				{ "n":"enemyB_die05", "x":1940, "y":1106, "w":100, "h":150 },
				{ "n":"enemyB_die04", "x":1616, "y":1212, "w":100, "h":150 },
				{ "n":"enemyB_die03", "x":1724, "y":1212, "w":100, "h":150 },
				{ "n":"enemyB_die02", "x":1832, "y":1264, "w":100, "h":150 },
				{ "n":"enemyB_die01", "x":1940, "y":1264, "w":100, "h":150 },
				{ "n":"enemyB_die00", "x":1616, "y":1370, "w":100, "h":150 },
				{ "n":"enemyAblood_blood09", "x":1724, "y":1370, "w":100, "h":100 },
				{ "n":"enemyAblood_blood08", "x":1832, "y":1422, "w":100, "h":100 },
				{ "n":"enemyAblood_blood07", "x":1724, "y":1478, "w":100, "h":100 },
				{ "n":"enemyAblood_blood06", "x":1940, "y":1422, "w":100, "h":100 },
				{ "n":"enemyAblood_blood05", "x":1832, "y":1530, "w":100, "h":100 },
				{ "n":"enemyAblood_blood04", "x":1940, "y":1530, "w":100, "h":100 },
				{ "n":"enemyAblood_blood03", "x":808, "y":1638, "w":100, "h":100 },
				{ "n":"enemyAblood_blood02", "x":808, "y":1528, "w":100, "h":100 },
				{ "n":"enemyAblood_blood01", "x":808, "y":1408, "w":100, "h":100 },
				{ "n":"enemyAblood_blood00", "x":808, "y":1746, "w":100, "h":100 },
				{ "n":"block", "x":1988, "y":0, "w":50, "h":200 },
				{ "n":"player_stand00", "x":808, "y":1854, "w":60, "h":100 },
				{ "n":"player_run07", "x":876, "y":1854, "w":60, "h":100 },
				{ "n":"player_run06", "x":916, "y":1638, "w":60, "h":100 },
				{ "n":"player_run05", "x":916, "y":1746, "w":60, "h":100 },
				{ "n":"player_run04", "x":916, "y":1528, "w":60, "h":100 },
				{ "n":"player_run03", "x":916, "y":1408, "w":60, "h":100 },
				{ "n":"player_run02", "x":944, "y":1854, "w":60, "h":100 },
				{ "n":"player_run01", "x":984, "y":1638, "w":60, "h":100 },
				{ "n":"player_run00", "x":984, "y":1746, "w":60, "h":100 },
				{ "n":"player_over07", "x":984, "y":1528, "w":60, "h":100 },
				{ "n":"player_over06", "x":984, "y":1528, "w":60, "h":100 },
				{ "n":"player_over05", "x":984, "y":1408, "w":60, "h":100 },
				{ "n":"player_over04", "x":984, "y":1408, "w":60, "h":100 },
				{ "n":"player_over03", "x":1012, "y":1854, "w":60, "h":100 },
				{ "n":"player_over02", "x":1012, "y":1854, "w":60, "h":100 },
				{ "n":"player_over01", "x":1052, "y":1638, "w":60, "h":100 },
				{ "n":"player_over00", "x":1052, "y":1638, "w":60, "h":100 },
				{ "n":"player_die24", "x":1052, "y":1746, "w":60, "h":100 },
				{ "n":"player_die23", "x":1052, "y":1746, "w":60, "h":100 },
				{ "n":"player_die22", "x":1052, "y":1528, "w":60, "h":100 },
				{ "n":"player_die21", "x":1052, "y":1528, "w":60, "h":100 },
				{ "n":"player_die20", "x":1052, "y":1408, "w":60, "h":100 },
				{ "n":"player_die19", "x":1080, "y":1854, "w":60, "h":100 },
				{ "n":"player_die18", "x":1120, "y":1638, "w":60, "h":100 },
				{ "n":"player_die17", "x":1120, "y":1638, "w":60, "h":100 },
				{ "n":"player_die16", "x":1120, "y":1746, "w":60, "h":100 },
				{ "n":"player_die15", "x":1120, "y":1746, "w":60, "h":100 },
				{ "n":"player_die14", "x":1120, "y":1528, "w":60, "h":100 },
				{ "n":"player_die13", "x":1120, "y":1528, "w":60, "h":100 },
				{ "n":"player_die12", "x":1120, "y":1408, "w":60, "h":100 },
				{ "n":"player_die11", "x":1120, "y":1408, "w":60, "h":100 },
				{ "n":"player_die10", "x":1148, "y":1854, "w":60, "h":100 },
				{ "n":"player_die09", "x":1148, "y":1854, "w":60, "h":100 },
				{ "n":"player_die08", "x":1188, "y":1638, "w":60, "h":100 },
				{ "n":"player_die07", "x":1188, "y":1638, "w":60, "h":100 },
				{ "n":"player_die06", "x":1188, "y":1746, "w":60, "h":100 },
				{ "n":"player_die05", "x":1188, "y":1746, "w":60, "h":100 },
				{ "n":"player_die04", "x":1188, "y":1528, "w":60, "h":100 },
				{ "n":"player_die03", "x":1188, "y":1408, "w":60, "h":100 },
				{ "n":"player_die02", "x":1188, "y":1408, "w":60, "h":100 },
				{ "n":"player_die01", "x":1216, "y":1854, "w":60, "h":100 },
				{ "n":"player_die00", "x":1216, "y":1854, "w":60, "h":100 },
				{ "n":"gun_shoot501", "x":1256, "y":1638, "w":60, "h":100 },
				{ "n":"gun_shoot500", "x":1256, "y":1746, "w":60, "h":100 },
				{ "n":"gun_shoot401", "x":1256, "y":1528, "w":60, "h":100 },
				{ "n":"gun_shoot400", "x":1256, "y":1408, "w":60, "h":100 },
				{ "n":"gun_shoot301", "x":1284, "y":1854, "w":60, "h":100 },
				{ "n":"gun_shoot300", "x":1324, "y":1638, "w":60, "h":100 },
				{ "n":"gun_shoot201", "x":1324, "y":1746, "w":60, "h":100 },
				{ "n":"gun_shoot200", "x":1324, "y":1528, "w":60, "h":100 },
				{ "n":"gun_shoot101", "x":1324, "y":1408, "w":60, "h":100 },
				{ "n":"gun_shoot100", "x":1352, "y":1854, "w":60, "h":100 },
				{ "n":"gun_die00", "x":1392, "y":1638, "w":60, "h":100 },
				{ "n":"gun_aim500", "x":1392, "y":1746, "w":60, "h":100 },
				{ "n":"gun_aim400", "x":1392, "y":1528, "w":60, "h":100 },
				{ "n":"gun_aim300", "x":1392, "y":1408, "w":60, "h":100 },
				{ "n":"gun_aim200", "x":1420, "y":1854, "w":60, "h":100 },
				{ "n":"gun_aim100", "x":1488, "y":1408, "w":60, "h":100 },
				{ "n":"enemyA_stand00", "x":1488, "y":1516, "w":60, "h":100 },
				{ "n":"enemyA_shoot501", "x":1556, "y":1528, "w":60, "h":100 },
				{ "n":"enemyA_shoot500", "x":1488, "y":1624, "w":60, "h":100 },
				{ "n":"enemyA_shoot401", "x":1460, "y":1732, "w":60, "h":100 },
				{ "n":"enemyA_shoot400", "x":1624, "y":1528, "w":60, "h":100 },
				{ "n":"enemyA_shoot301", "x":1692, "y":1586, "w":60, "h":100 },
				{ "n":"enemyA_shoot300", "x":1760, "y":1586, "w":60, "h":100 },
				{ "n":"enemyA_shoot201", "x":1556, "y":1636, "w":60, "h":100 },
				{ "n":"enemyA_shoot200", "x":1624, "y":1636, "w":60, "h":100 },
				{ "n":"enemyA_shoot101", "x":1488, "y":1840, "w":60, "h":100 },
				{ "n":"enemyA_shoot100", "x":1828, "y":1638, "w":60, "h":100 },
				{ "n":"enemyA_run07", "x":1692, "y":1694, "w":60, "h":100 },
				{ "n":"enemyA_run06", "x":1760, "y":1694, "w":60, "h":100 },
				{ "n":"enemyA_run05", "x":1556, "y":1744, "w":60, "h":100 },
				{ "n":"enemyA_run04", "x":1624, "y":1744, "w":60, "h":100 },
				{ "n":"enemyA_run03", "x":1896, "y":1638, "w":60, "h":100 },
				{ "n":"enemyA_run02", "x":1964, "y":1638, "w":60, "h":100 },
				{ "n":"enemyA_run01", "x":1556, "y":1852, "w":60, "h":100 },
				{ "n":"enemyA_run00", "x":1624, "y":1852, "w":60, "h":100 },
				{ "n":"enemyA_over00", "x":1392, "y":1638, "w":60, "h":100 },
				{ "n":"enemyA_die51", "x":1692, "y":1802, "w":60, "h":100 },
				{ "n":"enemyA_die50", "x":1692, "y":1802, "w":60, "h":100 },
				{ "n":"enemyA_die49", "x":1692, "y":1910, "w":60, "h":100 },
				{ "n":"enemyA_die48", "x":1692, "y":1910, "w":60, "h":100 },
				{ "n":"enemyA_die47", "x":1760, "y":1802, "w":60, "h":100 },
				{ "n":"enemyA_die46", "x":1760, "y":1802, "w":60, "h":100 },
				{ "n":"enemyA_die45", "x":1760, "y":1910, "w":60, "h":100 },
				{ "n":"enemyA_die44", "x":1760, "y":1910, "w":60, "h":100 },
				{ "n":"enemyA_die43", "x":1828, "y":1746, "w":60, "h":100 },
				{ "n":"enemyA_die42", "x":1828, "y":1746, "w":60, "h":100 },
				{ "n":"enemyA_die41", "x":1896, "y":1746, "w":60, "h":100 },
				{ "n":"enemyA_die40", "x":1896, "y":1746, "w":60, "h":100 },
				{ "n":"enemyA_die39", "x":1896, "y":1746, "w":60, "h":100 },
				{ "n":"enemyA_die38", "x":1896, "y":1746, "w":60, "h":100 },
				{ "n":"enemyA_die37", "x":1896, "y":1746, "w":60, "h":100 },
				{ "n":"enemyA_die36", "x":1896, "y":1746, "w":60, "h":100 },
				{ "n":"enemyA_die35", "x":1896, "y":1746, "w":60, "h":100 },
				{ "n":"enemyA_die34", "x":1964, "y":1746, "w":60, "h":100 },
				{ "n":"enemyA_die33", "x":1896, "y":1746, "w":60, "h":100 },
				{ "n":"enemyA_die32", "x":1828, "y":1854, "w":60, "h":100 },
				{ "n":"enemyA_die31", "x":1828, "y":1854, "w":60, "h":100 },
				{ "n":"enemyA_die30", "x":1896, "y":1854, "w":60, "h":100 },
				{ "n":"enemyA_die29", "x":1896, "y":1854, "w":60, "h":100 },
				{ "n":"enemyA_die28", "x":1964, "y":1854, "w":60, "h":100 },
				{ "n":"enemyA_die27", "x":1964, "y":1854, "w":60, "h":100 }
			]
		},
		{
			"name":"atlas1",
			"images":[
				{ "n":"enemyA_die26", "x":0, "y":0, "w":60, "h":100 },
				{ "n":"enemyA_die25", "x":0, "y":0, "w":60, "h":100 },
				{ "n":"enemyA_die24", "x":0, "y":108, "w":60, "h":100 },
				{ "n":"enemyA_die23", "x":0, "y":108, "w":60, "h":100 },
				{ "n":"enemyA_die22", "x":0, "y":216, "w":60, "h":100 },
				{ "n":"enemyA_die21", "x":0, "y":216, "w":60, "h":100 },
				{ "n":"enemyA_die20", "x":0, "y":324, "w":60, "h":100 },
				{ "n":"enemyA_die19", "x":0, "y":432, "w":60, "h":100 },
				{ "n":"enemyA_die18", "x":0, "y":540, "w":60, "h":100 },
				{ "n":"enemyA_die17", "x":0, "y":540, "w":60, "h":100 },
				{ "n":"enemyA_die16", "x":0, "y":648, "w":60, "h":100 },
				{ "n":"enemyA_die15", "x":0, "y":648, "w":60, "h":100 },
				{ "n":"enemyA_die14", "x":0, "y":756, "w":60, "h":100 },
				{ "n":"enemyA_die13", "x":0, "y":864, "w":60, "h":100 },
				{ "n":"enemyA_die12", "x":0, "y":972, "w":60, "h":100 },
				{ "n":"enemyA_die11", "x":0, "y":1080, "w":60, "h":100 },
				{ "n":"enemyA_die10", "x":0, "y":1188, "w":60, "h":100 },
				{ "n":"enemyA_die09", "x":0, "y":1296, "w":60, "h":100 },
				{ "n":"enemyA_die08", "x":0, "y":1404, "w":60, "h":100 },
				{ "n":"enemyA_die07", "x":0, "y":1512, "w":60, "h":100 },
				{ "n":"enemyA_die06", "x":0, "y":1620, "w":60, "h":100 },
				{ "n":"enemyA_die05", "x":0, "y":1728, "w":60, "h":100 },
				{ "n":"enemyA_die04", "x":0, "y":1836, "w":60, "h":100 },
				{ "n":"enemyA_die03", "x":68, "y":0, "w":60, "h":100 },
				{ "n":"enemyA_die02", "x":68, "y":0, "w":60, "h":100 },
				{ "n":"enemyA_die01", "x":68, "y":108, "w":60, "h":100 },
				{ "n":"enemyA_die00", "x":68, "y":108, "w":60, "h":100 },
				{ "n":"enemyA_aim500", "x":68, "y":216, "w":60, "h":100 },
				{ "n":"enemyA_aim400", "x":68, "y":324, "w":60, "h":100 },
				{ "n":"enemyA_aim300", "x":68, "y":432, "w":60, "h":100 },
				{ "n":"enemyA_aim200", "x":68, "y":540, "w":60, "h":100 },
				{ "n":"enemyA_aim100", "x":68, "y":648, "w":60, "h":100 },
				{ "n":"blood_bar3", "x":0, "y":1944, "w":350, "h":16 },
				{ "n":"blood_bar2", "x":0, "y":1968, "w":350, "h":16 },
				{ "n":"blood_bar1", "x":0, "y":1992, "w":350, "h":16 },
				{ "n":"shadow0", "x":68, "y":756, "w":50, "h":50 },
				{ "n":"cursor_reload04", "x":68, "y":814, "w":50, "h":50 },
				{ "n":"cursor_reload03", "x":68, "y":872, "w":50, "h":50 },
				{ "n":"cursor_reload02", "x":68, "y":930, "w":50, "h":50 },
				{ "n":"cursor_reload01", "x":68, "y":988, "w":50, "h":50 },
				{ "n":"cursor_reload00", "x":68, "y":1046, "w":50, "h":50 },
				{ "n":"cursor_able05", "x":68, "y":1104, "w":50, "h":50 },
				{ "n":"cursor_able04", "x":68, "y":1162, "w":50, "h":50 },
				{ "n":"cursor_able03", "x":68, "y":1220, "w":50, "h":50 },
				{ "n":"cursor_able02", "x":68, "y":1278, "w":50, "h":50 },
				{ "n":"cursor_able01", "x":68, "y":1336, "w":50, "h":50 },
				{ "n":"cursor_able00", "x":68, "y":1394, "w":50, "h":50 },
				{ "n":"bullet_hit00", "x":0, "y":2016, "w":18, "h":18 },
				{ "n":"bullet_heal00", "x":26, "y":2016, "w":18, "h":18 },
				{ "n":"particle1", "x":52, "y":2016, "w":8, "h":8 },
				{ "n":"particle0", "x":52, "y":2032, "w":8, "h":8 }
			]
		}
	]
}