{
"Sprites": [
	{
		"Name": "player",
		"path": "player_",
		"start": "stand",
		"delay": 0.05,
		"Justify": { "x": 0.5, "y": 0.25 },
		"UseIdForDefaultAnimationPath": [],
		"Loop": [
			{ "id": "stand" },
			{ "id": "run" },
			{ "id": "over" }
		],
		"Anim":[
			{
				"id": "die",
				"goto": "over"
			}
		]
	},
	{
		"Name": "gun",
		"path": "gun_",
		"start": "3",
		"delay": 0.05,
		"Justify": { "x": 0.5, "y": 0.25 },
		"UseIdForDefaultAnimationPath": [],
		"Loop": [
			{
				"id": "1",
				"path": "aim1"
			},
			{
				"id": "2",
				"path": "aim2"
			},
			{
				"id": "3",
				"path": "aim3"
			},
			{
				"id": "4",
				"path": "aim4"
			},
			{
				"id": "5",
				"path": "aim5"
			},
			{
				"id":"die"
			}
		],
		"Anim": [
			{
				"id": "s1",
				"path": "shoot1",
				"goto": "1"
			},
			{
				"id": "s2",
				"path": "shoot2",
				"goto": "2"
			},
			{
				"id": "s3",
				"path": "shoot3",
				"goto": "3"
			},
			{
				"id": "s4",
				"path": "shoot4",
				"goto": "4"
			},
			{
				"id": "s5",
				"path": "shoot5",
				"goto": "5"
			}
		]
	},
	{
		"Name": "bullet",
		"path": "bullet_",
		"start": "hit",
		"delay": 0.05,
		"Center": [],
		"UseIdForDefaultAnimationPath": [],
		"Loop": [
			{ "id": "hit" },
			{ "id": "heal" }
		]
	},
	{
		"Name": "enemyA",
		"path": "enemyA_",
		"start": "stand",
		"delay": 0.05,
		"Justify": { "x": 0.5, "y": 0.25 },
		"UseIdForDefaultAnimationPath": [],
		"Loop": [
			{ "id": "stand" },
			{ "id": "run" },
			{
				"id": "1",
				"path": "aim1"
			},
			{
				"id": "2",
				"path": "aim2"
			},
			{
				"id": "3",
				"path": "aim3"
			},
			{
				"id": "4",
				"path": "aim4"
			},
			{
				"id": "5",
				"path": "aim5"
			},
			{
				"id": "over"
			}
		],
		"Anim": [
			{
				"id": "die",
				"goto": "over"
			},
			{
				"id": "s1",
				"path": "shoot1",
				"goto": "1"
			},
			{
				"id": "s2",
				"path": "shoot2",
				"goto": "2"
			},
			{
				"id": "s3",
				"path": "shoot3",
				"goto": "3"
			},
			{
				"id": "s4",
				"path": "shoot4",
				"goto": "4"
			},
			{
				"id": "s5",
				"path": "shoot5",
				"goto": "5"
			}
		]
	},
	{
		"Name": "enemyB",
		"path": "enemyB_",
		"start": "init",
		"delay": 0.05,
		"Justify": { "x": 0.5, "y": 0.3333 },
		"UseIdForDefaultAnimationPath": [],
		"Anim": [
			{
				"id": "ready",
				"goto": "stand"
			},
			{
				"id": "shoot",
				"goto": "stand"
			},
			{
				"id": "die",
				"goto": "over"
			}
		],
		"Loop": [
			{ "id": "init" },
			{ "id": "stand" },
			{ "id": "over" }
		]
	},
	{
		"Name": "cursor",
		"path": "cursor_",
		"start": "5",
		"delay": 0.5,
		"Center": [],
		"UseIdForDefaultAnimationPath": [],
		"Loop": [
			{
				"id": "5",
				"path": "able00"
			},
			{
				"id": "4",
				"path": "able01"
			},
			{
				"id": "3",
				"path": "able02"
			},
			{
				"id": "2",
				"path": "able03"
			},
			{
				"id": "1",
				"path": "able04"
			}
		],
		"Anim": [
			{
				"id": "reload",
				"goto": "5"
			}
		]
	},
	{
		"Name": "BG",
		"path": "BG_",
		"start": "ui",
		"delay": 0.2,
		"Loop": [
			{
				"id": "ui",
				"path": "ui"
			}
		]

	}
]
}
